candidate_id,family_name,anchor_person,discovery_basis,review_status
FAM-CAND-001,陈嘉庚家族,陈嘉庚,人物种子,candidate
FAM-CAND-002,李光前家族,李光前,人物种子,candidate
FAM-CAND-003,胡文虎-胡文豹家族,胡文虎/胡文豹,NLB资料可交叉,candidate
FAM-CAND-004,林文庆家族,林文庆,人物种子,candidate
FAM-CAND-005,林义顺家族,林义顺,人物种子,candidate
FAM-CAND-006,陈六使家族,陈六使,人物种子,candidate
FAM-CAND-007,黄乃裳家族,黄乃裳,Wikidata亲属种子,candidate
FAM-CAND-008,林绍良家族,林绍良,人物种子,candidate
FAM-CAND-009,庄希泉家族,庄希泉,人物种子,candidate
FAM-CAND-010,张弼士家族,张弼士,人物种子,candidate
FAM-CAND-011,叶亚来家族,叶亚来,人物种子,candidate
FAM-CAND-012,陆佑家族,陆佑,人物种子,candidate
FAM-CAND-013,司徒美堂家族,司徒美堂,人物种子,candidate
FAM-CAND-014,容闳家族,容闳,Yale人物资料,candidate
FAM-CAND-015,伍廷芳家族,伍廷芳,人物种子,candidate
FAM-CAND-016,陈宜禧家族,陈宜禧,人物种子,candidate
FAM-CAND-017,陈芳家族,陈芳,Hawaii档案/家族资料,candidate
FAM-CAND-018,伍盘照家族,伍盘照,人物种子,candidate
FAM-CAND-019,黄开物家族,黄开物,闽南侨批大全公开书目线索,candidate
FAM-CAND-020,蔡天宝家族,蔡天宝,闽南侨批大全公开书目线索,candidate
FAM-CAND-021,刘氏家族,,闽南侨批大全公开书目线索,candidate
