page_no,url,status,parsed_records,note
1,https://www.da.gd.gov.cn/portal_home/archives?archivesType=41&p=1,pending,0,
2,https://www.da.gd.gov.cn/portal_home/archives?archivesType=41&p=2,pending,0,
3,https://www.da.gd.gov.cn/portal_home/archives?archivesType=41&p=3,pending,0,
4,https://www.da.gd.gov.cn/portal_home/archives?archivesType=41&p=4,pending,0,
5,https://www.da.gd.gov.cn/portal_home/archives?archivesType=41&p=5,pending,0,
6,https://www.da.gd.gov.cn/portal_home/archives?archivesType=41&p=6,pending,0,
7,https://www.da.gd.gov.cn/portal_home/archives?archivesType=41&p=7,pending,0,
8,https://www.da.gd.gov.cn/portal_home/archives?archivesType=41&p=8,pending,0,
9,https://www.da.gd.gov.cn/portal_home/archives?archivesType=41&p=9,pending,0,
10,https://www.da.gd.gov.cn/portal_home/archives?archivesType=41&p=10,pending,0,
11,https://www.da.gd.gov.cn/portal_home/archives?archivesType=41&p=11,pending,0,
12,https://www.da.gd.gov.cn/portal_home/archives?archivesType=41&p=12,pending,0,
13,https://www.da.gd.gov.cn/portal_home/archives?archivesType=41&p=13,pending,0,
14,https://www.da.gd.gov.cn/portal_home/archives?archivesType=41&p=14,pending,0,
15,https://www.da.gd.gov.cn/portal_home/archives?archivesType=41&p=15,pending,0,
16,https://www.da.gd.gov.cn/portal_home/archives?archivesType=41&p=16,pending,0,
17,https://www.da.gd.gov.cn/portal_home/archives?archivesType=41&p=17,pending,0,
18,https://www.da.gd.gov.cn/portal_home/archives?archivesType=41&p=18,pending,0,
19,https://www.da.gd.gov.cn/portal_home/archives?archivesType=41&p=19,pending,0,
20,https://www.da.gd.gov.cn/portal_home/archives?archivesType=41&p=20,pending,0,
21,https://www.da.gd.gov.cn/portal_home/archives?archivesType=41&p=21,pending,0,
22,https://www.da.gd.gov.cn/portal_home/archives?archivesType=41&p=22,pending,0,
23,https://www.da.gd.gov.cn/portal_home/archives?archivesType=41&p=23,pending,0,
24,https://www.da.gd.gov.cn/portal_home/archives?archivesType=41&p=24,pending,0,
25,https://www.da.gd.gov.cn/portal_home/archives?archivesType=41&p=25,pending,0,
26,https://www.da.gd.gov.cn/portal_home/archives?archivesType=41&p=26,pending,0,
27,https://www.da.gd.gov.cn/portal_home/archives?archivesType=41&p=27,pending,0,
28,https://www.da.gd.gov.cn/portal_home/archives?archivesType=41&p=28,pending,0,
29,https://www.da.gd.gov.cn/portal_home/archives?archivesType=41&p=29,pending,0,
30,https://www.da.gd.gov.cn/portal_home/archives?archivesType=41&p=30,partial,15,R01已从该页录入部分记录
31,https://www.da.gd.gov.cn/portal_home/archives?archivesType=41&p=31,pending,0,
32,https://www.da.gd.gov.cn/portal_home/archives?archivesType=41&p=32,pending,0,
33,https://www.da.gd.gov.cn/portal_home/archives?archivesType=41&p=33,pending,0,
34,https://www.da.gd.gov.cn/portal_home/archives?archivesType=41&p=34,pending,0,
35,https://www.da.gd.gov.cn/portal_home/archives?archivesType=41&p=35,pending,0,
36,https://www.da.gd.gov.cn/portal_home/archives?archivesType=41&p=36,pending,0,
37,https://www.da.gd.gov.cn/portal_home/archives?archivesType=41&p=37,pending,0,
38,https://www.da.gd.gov.cn/portal_home/archives?archivesType=41&p=38,pending,0,
39,https://www.da.gd.gov.cn/portal_home/archives?archivesType=41&p=39,pending,0,
40,https://www.da.gd.gov.cn/portal_home/archives?archivesType=41&p=40,pending,0,
41,https://www.da.gd.gov.cn/portal_home/archives?archivesType=41&p=41,pending,0,
42,https://www.da.gd.gov.cn/portal_home/archives?archivesType=41&p=42,pending,0,
43,https://www.da.gd.gov.cn/portal_home/archives?archivesType=41&p=43,pending,0,
44,https://www.da.gd.gov.cn/portal_home/archives?archivesType=41&p=44,pending,0,
45,https://www.da.gd.gov.cn/portal_home/archives?archivesType=41&p=45,pending,0,
46,https://www.da.gd.gov.cn/portal_home/archives?archivesType=41&p=46,pending,0,
47,https://www.da.gd.gov.cn/portal_home/archives?archivesType=41&p=47,pending,0,
48,https://www.da.gd.gov.cn/portal_home/archives?archivesType=41&p=48,pending,0,
49,https://www.da.gd.gov.cn/portal_home/archives?archivesType=41&p=49,pending,0,
50,https://www.da.gd.gov.cn/portal_home/archives?archivesType=41&p=50,pending,0,
51,https://www.da.gd.gov.cn/portal_home/archives?archivesType=41&p=51,pending,0,
52,https://www.da.gd.gov.cn/portal_home/archives?archivesType=41&p=52,pending,0,
53,https://www.da.gd.gov.cn/portal_home/archives?archivesType=41&p=53,pending,0,
54,https://www.da.gd.gov.cn/portal_home/archives?archivesType=41&p=54,pending,0,
55,https://www.da.gd.gov.cn/portal_home/archives?archivesType=41&p=55,pending,0,
56,https://www.da.gd.gov.cn/portal_home/archives?archivesType=41&p=56,pending,0,
57,https://www.da.gd.gov.cn/portal_home/archives?archivesType=41&p=57,pending,0,
58,https://www.da.gd.gov.cn/portal_home/archives?archivesType=41&p=58,pending,0,
59,https://www.da.gd.gov.cn/portal_home/archives?archivesType=41&p=59,partial,15,R01已核列表并录入00865-00886中的部分记录
60,https://www.da.gd.gov.cn/portal_home/archives?archivesType=41&p=60,pending,0,
61,https://www.da.gd.gov.cn/portal_home/archives?archivesType=41&p=61,pending,0,
62,https://www.da.gd.gov.cn/portal_home/archives?archivesType=41&p=62,partial,15,R01已从该页录入00917-00931
63,https://www.da.gd.gov.cn/portal_home/archives?archivesType=41&p=63,pending,0,
64,https://www.da.gd.gov.cn/portal_home/archives?archivesType=41&p=64,pending,0,
65,https://www.da.gd.gov.cn/portal_home/archives?archivesType=41&p=65,pending,0,
66,https://www.da.gd.gov.cn/portal_home/archives?archivesType=41&p=66,pending,0,
67,https://www.da.gd.gov.cn/portal_home/archives?archivesType=41&p=67,pending,0,
68,https://www.da.gd.gov.cn/portal_home/archives?archivesType=41&p=68,pending,0,
69,https://www.da.gd.gov.cn/portal_home/archives?archivesType=41&p=69,pending,0,
70,https://www.da.gd.gov.cn/portal_home/archives?archivesType=41&p=70,pending,0,
71,https://www.da.gd.gov.cn/portal_home/archives?archivesType=41&p=71,pending,0,
72,https://www.da.gd.gov.cn/portal_home/archives?archivesType=41&p=72,pending,0,
73,https://www.da.gd.gov.cn/portal_home/archives?archivesType=41&p=73,pending,0,
74,https://www.da.gd.gov.cn/portal_home/archives?archivesType=41&p=74,pending,0,
75,https://www.da.gd.gov.cn/portal_home/archives?archivesType=41&p=75,pending,0,
76,https://www.da.gd.gov.cn/portal_home/archives?archivesType=41&p=76,pending,0,
77,https://www.da.gd.gov.cn/portal_home/archives?archivesType=41&p=77,pending,0,
78,https://www.da.gd.gov.cn/portal_home/archives?archivesType=41&p=78,pending,0,
79,https://www.da.gd.gov.cn/portal_home/archives?archivesType=41&p=79,pending,0,
80,https://www.da.gd.gov.cn/portal_home/archives?archivesType=41&p=80,pending,0,
81,https://www.da.gd.gov.cn/portal_home/archives?archivesType=41&p=81,pending,0,
82,https://www.da.gd.gov.cn/portal_home/archives?archivesType=41&p=82,pending,0,
83,https://www.da.gd.gov.cn/portal_home/archives?archivesType=41&p=83,pending,0,
84,https://www.da.gd.gov.cn/portal_home/archives?archivesType=41&p=84,pending,0,
85,https://www.da.gd.gov.cn/portal_home/archives?archivesType=41&p=85,pending,0,
86,https://www.da.gd.gov.cn/portal_home/archives?archivesType=41&p=86,pending,0,
87,https://www.da.gd.gov.cn/portal_home/archives?archivesType=41&p=87,pending,0,
88,https://www.da.gd.gov.cn/portal_home/archives?archivesType=41&p=88,pending,0,
89,https://www.da.gd.gov.cn/portal_home/archives?archivesType=41&p=89,pending,0,
90,https://www.da.gd.gov.cn/portal_home/archives?archivesType=41&p=90,pending,0,
91,https://www.da.gd.gov.cn/portal_home/archives?archivesType=41&p=91,pending,0,
92,https://www.da.gd.gov.cn/portal_home/archives?archivesType=41&p=92,pending,0,
93,https://www.da.gd.gov.cn/portal_home/archives?archivesType=41&p=93,pending,0,
94,https://www.da.gd.gov.cn/portal_home/archives?archivesType=41&p=94,pending,0,
95,https://www.da.gd.gov.cn/portal_home/archives?archivesType=41&p=95,pending,0,
96,https://www.da.gd.gov.cn/portal_home/archives?archivesType=41&p=96,pending,0,
97,https://www.da.gd.gov.cn/portal_home/archives?archivesType=41&p=97,pending,0,
98,https://www.da.gd.gov.cn/portal_home/archives?archivesType=41&p=98,pending,0,
99,https://www.da.gd.gov.cn/portal_home/archives?archivesType=41&p=99,pending,0,
100,https://www.da.gd.gov.cn/portal_home/archives?archivesType=41&p=100,pending,0,
101,https://www.da.gd.gov.cn/portal_home/archives?archivesType=41&p=101,pending,0,
102,https://www.da.gd.gov.cn/portal_home/archives?archivesType=41&p=102,pending,0,
103,https://www.da.gd.gov.cn/portal_home/archives?archivesType=41&p=103,pending,0,
104,https://www.da.gd.gov.cn/portal_home/archives?archivesType=41&p=104,pending,0,
