candidate_id,source_name,source_url,raw_name,scope_status,review_status
ORG-CAND-001,SFCCA,https://sfcca.sg/会馆目录/,AMOY ASSOCIATION,needs_GD_FJ_link_check,candidate
ORG-CAND-002,SFCCA,https://sfcca.sg/会馆目录/,AN HAI ASSOCIATION,needs_GD_FJ_link_check,candidate
ORG-CAND-003,SFCCA,https://sfcca.sg/会馆目录/,ANG ASSOCIATION,needs_GD_FJ_link_check,candidate
ORG-CAND-004,SFCCA,https://sfcca.sg/会馆目录/,ANG CLAN GUILD,needs_GD_FJ_link_check,candidate
ORG-CAND-005,SFCCA,https://sfcca.sg/会馆目录/,ANG SHEE GENERAL ASSOCIATION,needs_GD_FJ_link_check,candidate
ORG-CAND-006,SFCCA,https://sfcca.sg/会馆目录/,ANN KWAY ASSOCIATION,needs_GD_FJ_link_check,candidate
ORG-CAND-007,SFCCA,https://sfcca.sg/会馆目录/,BOEY NI LAM HONG,needs_GD_FJ_link_check,candidate
ORG-CAND-008,SFCCA,https://sfcca.sg/会馆目录/,BOON SAN LIAN NGEE ASSOCIATION,needs_GD_FJ_link_check,candidate
ORG-CAND-009,SFCCA,https://sfcca.sg/会馆目录/,BUKIT PANJANG HOKKIEN KONGHUAY,needs_GD_FJ_link_check,candidate
ORG-CAND-010,SFCCA,https://sfcca.sg/会馆目录/,BUKIT PANJANG KHEK COMMUNITY GUILD,needs_GD_FJ_link_check,candidate
ORG-CAND-011,SFCCA,https://sfcca.sg/会馆目录/,CANTON WONG CLAN ASSOCIATION,needs_GD_FJ_link_check,candidate
ORG-CAND-012,SFCCA,https://sfcca.sg/会馆目录/,CHA YONG HO CLAN ASSOCIATION,needs_GD_FJ_link_check,candidate
ORG-CAND-013,SFCCA,https://sfcca.sg/会馆目录/,CHAN KHOO KONG HUAY,needs_GD_FJ_link_check,candidate
ORG-CAND-014,SFCCA,https://sfcca.sg/会馆目录/,CHAN SI WUI KUN,needs_GD_FJ_link_check,candidate
ORG-CAND-015,SFCCA,https://sfcca.sg/会馆目录/,CHANG CHOW GENERAL ASSOCIATION,needs_GD_FJ_link_check,candidate
ORG-CAND-016,SFCCA,https://sfcca.sg/会馆目录/,CHANG CLAN GENERAL ASSOCIATION,needs_GD_FJ_link_check,candidate
ORG-CAND-017,SFCCA,https://sfcca.sg/会馆目录/,CHAO ANN ASSOCIATION,needs_GD_FJ_link_check,candidate
ORG-CAND-018,SFCCA,https://sfcca.sg/会馆目录/,CHAO CLAN ASSOCIATION,needs_GD_FJ_link_check,candidate
ORG-CAND-019,SFCCA,https://sfcca.sg/会馆目录/,CHAR YANG (DABU) LEE CHEE ASSOCIATION,needs_GD_FJ_link_check,candidate
ORG-CAND-020,SFCCA,https://sfcca.sg/会馆目录/,CHIA GENERAL ASSOCIATION,needs_GD_FJ_link_check,candidate
ORG-CAND-021,SFCCA,https://sfcca.sg/会馆目录/,CHIN HO TEO CLAN ASSOCIATION,needs_GD_FJ_link_check,candidate
ORG-CAND-022,SFCCA,https://sfcca.sg/会馆目录/,CHIN KANG HUAY KUAN,needs_GD_FJ_link_check,candidate
ORG-CAND-023,SFCCA,https://sfcca.sg/会馆目录/,CHING YOON WOOI KWOON,needs_GD_FJ_link_check,candidate
ORG-CAND-024,SFCCA,https://sfcca.sg/会馆目录/,CHIU (KHOO) SHIH ASSOCIATION,needs_GD_FJ_link_check,candidate
ORG-CAND-025,SFCCA,https://sfcca.sg/会馆目录/,CHONG CLAN ASSOCIATION,needs_GD_FJ_link_check,candidate
ORG-CAND-026,SFCCA,https://sfcca.sg/会馆目录/,CHOO CLAN ASSOCIATION,needs_GD_FJ_link_check,candidate
ORG-CAND-027,SFCCA,https://sfcca.sg/会馆目录/,CHUAN KHOON KANG KONG SO,needs_GD_FJ_link_check,candidate
ORG-CAND-028,SFCCA,https://sfcca.sg/会馆目录/,CHUANG & NGIAM CLANSMEN ASSOCIATION,needs_GD_FJ_link_check,candidate
ORG-CAND-029,SFCCA,https://sfcca.sg/会馆目录/,HAKKA WONG ASSOCIATION,needs_GD_FJ_link_check,candidate
ORG-CAND-030,SFCCA,https://sfcca.sg/会馆目录/,HAN CLAN ASSOCIATION,needs_GD_FJ_link_check,candidate
ORG-CAND-031,SFCCA,https://sfcca.sg/会馆目录/,HENG JAI WONG CLAN ASSOCIATION,needs_GD_FJ_link_check,candidate
ORG-CAND-032,SFCCA,https://sfcca.sg/会馆目录/,HEYUAN CLAN ASSOCIATION,needs_GD_FJ_link_check,candidate
ORG-CAND-033,SFCCA,https://sfcca.sg/会馆目录/,HUANG CLAN CHICHANG ASSOCIATION,needs_GD_FJ_link_check,candidate
ORG-CAND-034,SFCCA,https://sfcca.sg/会馆目录/,HUANG SHI ZONG HUI,needs_GD_FJ_link_check,candidate
ORG-CAND-035,SFCCA,https://sfcca.sg/会馆目录/,HUI ANN ASSOCIATION,needs_GD_FJ_link_check,candidate
ORG-CAND-036,SFCCA,https://sfcca.sg/会馆目录/,HUI HWA PUGILISTIC ART ASSOCIATION,needs_GD_FJ_link_check,candidate
ORG-CAND-037,SFCCA,https://sfcca.sg/会馆目录/,HWU CLAN GENERAL ASSOCIATION,needs_GD_FJ_link_check,candidate
ORG-CAND-038,SFCCA,https://sfcca.sg/会馆目录/,JI YANG CAI CLAN ASSOCIATION,needs_GD_FJ_link_check,candidate
ORG-CAND-039,SFCCA,https://sfcca.sg/会馆目录/,KOH YIU WOOI KWOON,needs_GD_FJ_link_check,candidate
ORG-CAND-040,SFCCA,https://sfcca.sg/会馆目录/,KONG CHOW WUI KOON,needs_GD_FJ_link_check,candidate
ORG-CAND-041,SFCCA,https://sfcca.sg/会馆目录/,KUAH SI ASSOCIATION,needs_GD_FJ_link_check,candidate
ORG-CAND-042,SFCCA,https://sfcca.sg/会馆目录/,LONG YAN FRIENDLY ASSOCIATION,needs_GD_FJ_link_check,candidate
ORG-CAND-043,SFCCA,https://sfcca.sg/会馆目录/,LOO CLAN ASSOCIATION,needs_GD_FJ_link_check,candidate
ORG-CAND-044,SFCCA,https://sfcca.sg/会馆目录/,LOW LENG ASSOCIATION,needs_GD_FJ_link_check,candidate
ORG-CAND-045,SFCCA,https://sfcca.sg/会馆目录/,LUI CHIU HOE KUAN,needs_GD_FJ_link_check,candidate
ORG-CAND-046,SFCCA,https://sfcca.sg/会馆目录/,LUNG YEN HUI KUAN,needs_GD_FJ_link_check,candidate
ORG-CAND-047,SFCCA,https://sfcca.sg/会馆目录/,MAH CLAN GENERAL ASSOCIATION,needs_GD_FJ_link_check,candidate
ORG-CAND-048,SFCCA,https://sfcca.sg/会馆目录/,NANYANG SIM CLAN ASSOCIATION,needs_GD_FJ_link_check,candidate
ORG-CAND-049,SFCCA,https://sfcca.sg/会馆目录/,NEO CLAN ASSOCIATION,needs_GD_FJ_link_check,candidate
ORG-CAND-050,SFCCA,https://sfcca.sg/会馆目录/,PANG CLAN ASSOCIATION,needs_GD_FJ_link_check,candidate
ORG-CAND-051,SFCCA,https://sfcca.sg/会馆目录/,PEH CLAN ASSOCIATION,needs_GD_FJ_link_check,candidate
ORG-CAND-052,SFCCA,https://sfcca.sg/会馆目录/,PEK SEK TAN CLAN ASSOCIATION,needs_GD_FJ_link_check,candidate
ORG-CAND-053,SFCCA,https://sfcca.sg/会馆目录/,PHO LENG HUI KUAN,needs_GD_FJ_link_check,candidate
ORG-CAND-054,SFCCA,https://sfcca.sg/会馆目录/,PHOR TIONG KOH PENG ASSOCIATION,needs_GD_FJ_link_check,candidate
ORG-CAND-055,SFCCA,https://sfcca.sg/会馆目录/,PHUA CLAN ASSOCIATION,needs_GD_FJ_link_check,candidate
ORG-CAND-056,SFCCA,https://sfcca.sg/会馆目录/,POH CLAN ASSOCIATION,needs_GD_FJ_link_check,candidate
ORG-CAND-057,SFCCA,https://sfcca.sg/会馆目录/,POON YUE ASSOCIATION,needs_GD_FJ_link_check,candidate
ORG-CAND-058,SFCCA,https://sfcca.sg/会馆目录/,PUTIAN ASSOCIATION,needs_GD_FJ_link_check,candidate
ORG-CAND-059,SFCCA,https://sfcca.sg/会馆目录/,SAM SUI WUI KUN,needs_GD_FJ_link_check,candidate
ORG-CAND-060,SFCCA,https://sfcca.sg/会馆目录/,SEE'S CLAN ASSOCIATION,needs_GD_FJ_link_check,candidate
ORG-CAND-061,SFCCA,https://sfcca.sg/会馆目录/,SENG CLAN ASSOCIATION,needs_GD_FJ_link_check,candidate
ORG-CAND-062,SFCCA,https://sfcca.sg/会馆目录/,SERANGOON KHIUNG JAI CO-VILLAGERS ASSOCIATION,needs_GD_FJ_link_check,candidate
ORG-CAND-063,SFCCA,https://sfcca.sg/会馆目录/,SHUN-YI CLAN ASSOCIATION,needs_GD_FJ_link_check,candidate
ORG-CAND-064,SFCCA,https://sfcca.sg/会馆目录/,SING CHOW CHIU KWOK THONG CHO KAH KOON,needs_GD_FJ_link_check,candidate
ORG-CAND-065,SFCCA,https://sfcca.sg/会馆目录/,SING SIH ASSOCIATION,needs_GD_FJ_link_check,candidate
ORG-CAND-066,SFCCA,https://sfcca.sg/会馆目录/,SIOW'S CLAN GUILD ASSOCIATION,needs_GD_FJ_link_check,candidate
ORG-CAND-067,SFCCA,https://sfcca.sg/会馆目录/,SIU HENG WUI KUN,needs_GD_FJ_link_check,candidate
ORG-CAND-068,SFCCA,https://sfcca.sg/会馆目录/,SOH CLAN ASSOCIATION,needs_GD_FJ_link_check,candidate
ORG-CAND-069,SFCCA,https://sfcca.sg/会馆目录/,SOO GUAN TONG,needs_GD_FJ_link_check,candidate
ORG-CAND-070,SFCCA,https://sfcca.sg/会馆目录/,SOON CLAN ASSOCIATION,needs_GD_FJ_link_check,candidate
ORG-CAND-071,SFCCA,https://sfcca.sg/会馆目录/,SWATOW SIA,needs_GD_FJ_link_check,candidate
ORG-CAND-072,SFCCA,https://sfcca.sg/会馆目录/,TEOCHEW FEDERATION (SINGAPORE),needs_GD_FJ_link_check,candidate
ORG-CAND-073,SFCCA,https://sfcca.sg/会馆目录/,TEOCHEW HONG LONG YEO CLAN ASSOCIATION,needs_GD_FJ_link_check,candidate
ORG-CAND-074,SFCCA,https://sfcca.sg/会馆目录/,TEOCHEW LEE CLAN ASSOCIATION,needs_GD_FJ_link_check,candidate
ORG-CAND-075,SFCCA,https://sfcca.sg/会馆目录/,TEOCHEW POIT IP HUAY KUAN,needs_GD_FJ_link_check,candidate
ORG-CAND-076,SFCCA,https://sfcca.sg/会馆目录/,THIN HO ASSOCIATION,needs_GD_FJ_link_check,candidate
ORG-CAND-077,SFCCA,https://sfcca.sg/会馆目录/,THONG HUAI ASSOCIATION,needs_GD_FJ_link_check,candidate
ORG-CAND-078,SFCCA,https://sfcca.sg/会馆目录/,THOR GUAN CLUB,needs_GD_FJ_link_check,candidate
ORG-CAND-079,SFCCA,https://sfcca.sg/会馆目录/,WUQING CHEN'S ASSOCIATION,needs_GD_FJ_link_check,candidate
ORG-CAND-080,SFCCA,https://sfcca.sg/会馆目录/,YANG CLAN GENERAL ASSOCIATION,needs_GD_FJ_link_check,candidate
ORG-CAND-081,SFCCA,https://sfcca.sg/会馆目录/,YAO ASSOCIATION SINGAPORE,needs_GD_FJ_link_check,candidate
ORG-CAND-082,SFCCA,https://sfcca.sg/会馆目录/,YAP ASSOCIATION,needs_GD_FJ_link_check,candidate
ORG-CAND-083,SFCCA,https://sfcca.sg/会馆目录/,YEE CLAN ASSOCIATION,needs_GD_FJ_link_check,candidate
