candidate_id,archive_number,title,date_raw,source_url,image_status,transcription_status,review_status
QP-GD-0001,197-012-00917,叻陈崇盛寄澄邑大衙蔡乃弟舅收侨批（批封）,19060131,https://www.da.gd.gov.cn/portal_home/archives?archivesType=41&p=62,detail_not_checked,unknown,candidate
QP-GD-0002,197-012-00918,叻陈崇盛寄澄邑大衙蔡奈弟舅收侨批（批封）,19080219,https://www.da.gd.gov.cn/portal_home/archives?archivesType=41&p=62,detail_not_checked,unknown,candidate
QP-GD-0003,197-012-00919,叻王婆鑫寄潮安上莆都东里乡家二嫂的侨批,19560530,https://www.da.gd.gov.cn/portal_home/archives?archivesType=41&p=62,detail_not_checked,unknown,candidate
QP-GD-0004,197-012-00920,暹京陈锐潮寄往饶邑隆都後埔乡陈坤海收侨批,19470427,https://www.da.gd.gov.cn/portal_home/archives?archivesType=41&p=62,detail_not_checked,unknown,candidate
QP-GD-0005,197-012-00921,叻莊进成寄潮安江东都独树中乡交莊宅冯氏荆妻收侨批,19460912,https://www.da.gd.gov.cn/portal_home/archives?archivesType=41&p=62,detail_not_checked,unknown,candidate
QP-GD-0006,197-012-00922,潮安江东妻冯氏寄往新加坡夫君莊进成的回批,19460927,https://www.da.gd.gov.cn/portal_home/archives?archivesType=41&p=62,detail_not_checked,unknown,candidate
QP-GD-0007,197-012-00923,潮安鹤塘乡巷头社儿光裕寄往泰国父亲陈运昇的回批,19390427,https://www.da.gd.gov.cn/portal_home/archives?archivesType=41&p=62,detail_not_checked,unknown,candidate
QP-GD-0008,197-012-00924,潮安鹤塘乡巷头社儿光裕寄往泰国父亲陈运昇的回批,428,https://www.da.gd.gov.cn/portal_home/archives?archivesType=41&p=62,detail_not_checked,unknown,candidate_date_needs_review
QP-GD-0009,197-012-00925,泰国林克绍寄往潮安金石宫石鼓乡柑园社儿玩兴收侨批,19490410,https://www.da.gd.gov.cn/portal_home/archives?archivesType=41&p=62,detail_not_checked,unknown,candidate
QP-GD-0010,197-012-00926,泰国林克绍寄往潮安金石宫石鼓乡柑园社儿玩兴收侨批（内信）,19481219,https://www.da.gd.gov.cn/portal_home/archives?archivesType=41&p=62,detail_not_checked,unknown,candidate
QP-GD-0011,197-012-00927,泰国林克绍寄往潮安金石宫石鼓乡柑园社儿玩兴收侨批,19480712,https://www.da.gd.gov.cn/portal_home/archives?archivesType=41&p=62,detail_not_checked,unknown,candidate
QP-GD-0012,197-012-00928,泰国林克绍寄往潮安金石宫石鼓乡柑园社儿玩兴收侨批,19520925,https://www.da.gd.gov.cn/portal_home/archives?archivesType=41&p=62,detail_not_checked,unknown,candidate
QP-GD-0013,197-012-00929,绍贤寄往潮安金石慈亲大人及专兴、玩兴侄儿的侨批,19530403,https://www.da.gd.gov.cn/portal_home/archives?archivesType=41&p=62,detail_not_checked,unknown,candidate
QP-GD-0014,197-012-00930,孙洪振寄外祖父母收侨批（内信）,0,https://www.da.gd.gov.cn/portal_home/archives?archivesType=41&p=62,detail_not_checked,unknown,candidate_date_needs_review
QP-GD-0015,197-012-00931,弟姚惜桐寄胞兄收侨批（内信）,19480327,https://www.da.gd.gov.cn/portal_home/archives?archivesType=41&p=62,detail_not_checked,unknown,candidate
QP-GD-0016,197-012-00436,叻王希添寄潮安大和都英塘乡陈妙芝收五十万元批单,,https://da.gd.gov.cn/portal_home/wap/archives?archivesType=41&p=30,detail_not_checked,unknown,candidate
QP-GD-0017,197-012-00437,潮安大和都美塘乡王氏家庭寄叻王希添收回批,"00000128 / 19430317",https://da.gd.gov.cn/portal_home/wap/archives?archivesType=41&p=30,detail_not_checked,unknown,candidate_date_needs_review
QP-GD-0018,197-012-00438,叻王希添寄潮安大和都英塘乡陈妙芝收山水封侨批,19430418,https://da.gd.gov.cn/portal_home/wap/archives?archivesType=41&p=30,detail_not_checked,unknown,candidate
QP-GD-0019,197-012-00439,泰国孙蔡锦有寄澄海上蓬区大芽乡四房社蔡氏家庭祖母大人收侨批,19430920,https://da.gd.gov.cn/portal_home/wap/archives?archivesType=41&p=30,detail_not_checked,unknown,candidate
QP-GD-0020,197-012-00440,泰国孙蔡锦有寄澄海上蓬区大芽乡四房社蔡氏家庭祖母大人收侨批,323,https://da.gd.gov.cn/portal_home/wap/archives?archivesType=41&p=30,detail_not_checked,unknown,candidate_date_needs_review
QP-GD-0021,197-012-00441,泰国孙蔡来臣寄澄海上蓬区大芽乡四房社蔡氏家庭慈亲大人收侨批,,https://da.gd.gov.cn/portal_home/wap/archives?archivesType=41&p=30,detail_not_checked,unknown,candidate
QP-GD-0022,197-012-00442,泰国孙蔡亚花寄澄海上蓬区大芽乡四房社蔡双喜胞兄收侨批,,https://da.gd.gov.cn/portal_home/wap/archives?archivesType=41&p=30,detail_not_checked,unknown,candidate
QP-GD-0023,197-012-00443,泰国孙蔡锦有寄澄海上蓬区大芽乡四房社家祖母大人收侨批,,https://da.gd.gov.cn/portal_home/wap/archives?archivesType=41&p=30,detail_not_checked,unknown,candidate
QP-GD-0024,197-012-00444,泰国孙蔡来臣寄澄海上蓬区大芽乡四房社蔡氏家庭慈亲大人收侨批,19430919,https://da.gd.gov.cn/portal_home/wap/archives?archivesType=41&p=30,detail_not_checked,unknown,candidate
QP-GD-0025,197-012-00445,泰国孙蔡来臣寄澄海上蓬区大芽乡四房社蔡氏家庭母亲大人收侨批,807,https://da.gd.gov.cn/portal_home/wap/archives?archivesType=41&p=30,detail_not_checked,unknown,candidate_date_needs_review
QP-GD-0026,197-012-00446,叻郭思照寄潮安郭陇大龙坑田墘郭氏家慈亲大人收山水封侨批,19500713,https://da.gd.gov.cn/portal_home/wap/archives?archivesType=41&p=30,detail_not_checked,unknown,candidate
QP-GD-0027,197-012-00447,黄钦恭寄澄海上外区凤嶺乡黄氏家庭母收侨批,,https://da.gd.gov.cn/portal_home/wap/archives?archivesType=41&p=30,detail_not_checked,unknown,candidate
QP-GD-0028,197-012-00448,砂拉越张泽盛寄潮安第五区下鲲江乡上厝后鼓内张叡勤先生收山水封侨批,19470428,https://da.gd.gov.cn/portal_home/wap/archives?archivesType=41&p=30,detail_not_checked,unknown,candidate
QP-GD-0029,197-012-00449,弟卓深寄潮安东凤公社文路乡西社茅家子猛兄收侨批,19811007,https://da.gd.gov.cn/portal_home/wap/archives?archivesType=41&p=30,detail_not_checked,unknown,candidate_scope_date_review
QP-GD-0030,197-012-00450,陈祥祯寄潮安鲲江乡祠堂头郑氏家庭郑裕潮先生收山水封侨批,19490205,https://da.gd.gov.cn/portal_home/wap/archives?archivesType=41&p=30,detail_not_checked,unknown,candidate
QP-GD-0031,197-012-00997,新嘉坡陈绍有寄往潮安上莆区东里乡王应标收的侨批,19400904,https://da.gd.gov.cn/portal_home/archives/viewImg/370056,3_images_visible,unknown,candidate
QP-GD-0032,197-012-01537,新加坡陈绍有寄往潮安上莆东里乡交王应标先生收的侨批,1022,https://da.gd.gov.cn/portal_home/archives/viewImg/426411,3_images_visible,unknown,candidate_date_needs_review
QP-GD-0033,197-012-00899,儿陈炳极寄母亲收侨批（内信）,19380611,https://www.da.gd.gov.cn/portal_home/archives/viewImg/369658,1_image_visible,unknown,candidate
QP-GD-0034,197-012-00671,吴亚淡寄儿子猛收侨批（内信）,19730328,https://www.da.gd.gov.cn/portal_home/archives/viewImg/369431,2_images_visible,unknown,candidate
QP-GD-0035,197-012-00791,潘两喜寄双亲收侨批（内信）,19601123,https://da.gd.gov.cn/portal_home/wap/archivesDetail/369551,1_image_visible,unknown,candidate
QP-GD-0036,197-012-00845,儿林朝光寄双亲收侨批（内信）,,https://da.gd.gov.cn/portal_home/wap/archivesDetail/369604,1_image_visible,unknown,candidate
QP-GD-0037,197-012-00874,儿林朝光寄双亲收侨批（内信）,803,https://da.gd.gov.cn/portal_home/archives/viewImg/369633,1_image_visible,unknown,candidate_date_needs_review
QP-GD-0038,197-012-00873,儿林朝光寄双亲收侨批（内信）,803,https://da.gd.gov.cn/portal_home/archives/viewImg/369632,1_image_visible,unknown,candidate_date_needs_review
QP-GD-0039,197-012-00812,詹占鳌寄詹旭美收侨批,,https://www.da.gd.gov.cn/portal_home/archives/viewImg/369572,1_image_visible,unknown,candidate
QP-GD-0040,G2013-侨批-0159,最早的侨批/美国开平籍华侨关德宽寄给关廷杰的侨批（1888年）,1888,https://www.da.gd.gov.cn/portal_home/wap/archivesDetail/5252,1_image_visible,unknown,candidate
QP-GD-0041,G2013-侨批-0173,最早的侨批/新加坡华侨余木金寄给广东潮安县母亲的侨批,,https://www.da.gd.gov.cn/portal_home/wap/archivesDetail/5266,1_image_visible,unknown,candidate
QP-GD-0042,197-012-00865,儿林朝光寄双亲侨批（内信）,1228,https://www.da.gd.gov.cn/portal_home/archives/viewImg/369624,1_image_visible,unknown,candidate_date_needs_review
QP-GD-0043,197-012-00866,儿林朝光寄双亲侨批（内信）,1228,https://da.gd.gov.cn/portal_home/wap/archivesDetail/369625,2_images_visible,unknown,candidate_date_needs_review
QP-GD-0044,197-012-00867,儿子寄双亲收侨信（内信）,,https://da.gd.gov.cn/portal_home/wap/archives?archivesType=41&p=59,detail_not_checked,unknown,candidate
QP-GD-0045,197-012-00868,儿子寄双亲收侨批（内信）,,https://da.gd.gov.cn/portal_home/wap/archives?archivesType=41&p=59,detail_not_checked,unknown,candidate
QP-GD-0046,197-012-00869,儿朝光寄双亲收侨批（内信）,,https://da.gd.gov.cn/portal_home/wap/archives?archivesType=41&p=59,detail_not_checked,unknown,candidate
QP-GD-0047,197-012-00870,儿林朝光、林森丰寄双亲收侨批（内信）,,https://www.da.gd.gov.cn/portal_home/archives/viewImg/369629,2_images_visible,unknown,candidate
QP-GD-0048,197-012-00871,寄给双亲的侨批（内信）,,https://da.gd.gov.cn/portal_home/wap/archives?archivesType=41&p=59,detail_not_checked,unknown,candidate
QP-GD-0049,197-012-00872,儿林朝光寄双亲收侨信（内信）,,https://da.gd.gov.cn/portal_home/wap/archives?archivesType=41&p=59,detail_not_checked,unknown,candidate
QP-GD-0050,197-012-00875,儿林朝光寄双亲收侨批（内信）,803,https://da.gd.gov.cn/portal_home/wap/archives?archivesType=41&p=59,detail_not_checked,unknown,candidate_date_needs_review
QP-GD-0051,197-012-00876,陈炳蚕寄母亲收侨批（内信）,19460410,https://da.gd.gov.cn/portal_home/wap/archives?archivesType=41&p=59,detail_not_checked,unknown,candidate
QP-GD-0052,197-012-00877,婿沈波南寄岳母收侨批（内信）,,https://da.gd.gov.cn/portal_home/wap/archives?archivesType=41&p=59,detail_not_checked,unknown,candidate
QP-GD-0053,197-012-00878,婿沈波南寄岳母收侨批（内信）,19500125,https://da.gd.gov.cn/portal_home/wap/archives?archivesType=41&p=59,detail_not_checked,unknown,candidate
QP-GD-0054,G2013-侨批-0156,最早的侨批/美国开平籍华侨关壬子给广东开平县兄长关廷杰的侨批（1883年）,1883,https://www.da.gd.gov.cn/portal_home/wap/archivesDetail/5249,1_image_visible,unknown,candidate
QP-GD-0055,G2013-侨批-0157,最早的侨批/关壬子致关廷杰侨批，谈及托同乡捎带金钱回家,1883,https://da.gd.gov.cn/portal_home/wap/archives?p=16167,detail_not_checked,unknown,candidate
QP-GD-0056,G2013-侨批-0158,最早的侨批/美国华侨钧恭致宽式的封、信一体侨批,1885,https://da.gd.gov.cn/portal_home/wap/archives?p=16167,detail_not_checked,unknown,candidate
QP-GD-0057,G2013-侨批-0160,最早的侨批/美国开平籍华侨周家楦致父亲周成略的侨批,1895,https://da.gd.gov.cn/portal_home/wap/archives?p=16167,detail_not_checked,unknown,candidate
QP-GD-0058,G2013-侨批-0161,最早的侨批/新加坡梅州籍华侨叶和仁写给母亲钟氏的侨批,1891,https://da.gd.gov.cn/portal_home/wap/archives?p=16167,detail_not_checked,unknown,candidate
QP-GD-0059,G2013-侨批-0162,最早的侨批/叶和仁写给母亲钟氏的连续侨批记录,1894/1901,https://da.gd.gov.cn/portal_home/wap/archives?p=16167,detail_not_checked,unknown,candidate_date_range
QP-GD-0060,G2013-侨批-0176,美国开平籍华侨周壁瑞寄给儿子周汉民的侨批，涉及保存信件及办理赴美移民,1946-08-08,https://www.da.gd.gov.cn/portal_home/archives/viewImg/5269,1_image_visible,unknown,candidate
QP-GD-0061,197-012-00880,婿沈波南寄岳母收侨批（内信）,19501120,https://da.gd.gov.cn/portal_home/archives?archivesType=41&p=59,detail_not_checked,unknown,candidate
QP-GD-0062,197-012-00881,儿陈炳极寄母亲收侨批（内信）,19390224,https://da.gd.gov.cn/portal_home/archives?archivesType=41&p=59,detail_not_checked,unknown,candidate
QP-GD-0063,197-012-00882,陈炳极寄母亲收侨批（内信）,,https://da.gd.gov.cn/portal_home/archives?archivesType=41&p=59,detail_not_checked,unknown,candidate
QP-GD-0064,197-012-00883,女陈炳蚕寄母亲收侨批（内信）,503,https://da.gd.gov.cn/portal_home/archives?archivesType=41&p=59,detail_not_checked,unknown,candidate_date_needs_review
QP-GD-0065,197-012-00884,炳极寄母亲收侨批（内信）,19480806,https://da.gd.gov.cn/portal_home/archives?archivesType=41&p=59,detail_not_checked,unknown,candidate
QP-GD-0066,197-012-00885,儿陈炳极寄母亲收侨批（内信）,19400718,https://da.gd.gov.cn/portal_home/archives?archivesType=41&p=59,detail_not_checked,unknown,candidate
QP-GD-0067,197-012-00886,女陈炳蚕寄母亲收侨批（内信）,19460615,https://da.gd.gov.cn/portal_home/archives?archivesType=41&p=59,detail_not_checked,unknown,candidate
QP-GD-0068,197-012-00887,儿陈炳极寄母亲收侨批（内信）,19410203,https://da.gd.gov.cn/portal_home/archives?archivesType=41&p=60,detail_not_checked,unknown,candidate
QP-GD-0069,197-012-00888,炳极寄母亲收侨批（内信）,19481022,https://da.gd.gov.cn/portal_home/archives?archivesType=41&p=60,detail_not_checked,unknown,candidate
QP-GD-0070,197-012-00889,陈炳蚕寄母亲收侨批（内信）,,https://da.gd.gov.cn/portal_home/archives?archivesType=41&p=60,detail_not_checked,unknown,candidate
QP-GD-0071,197-012-00890,外孙沈祥君、沈祥莲寄外祖母收侨批（内信）,19500125,https://da.gd.gov.cn/portal_home/archives?archivesType=41&p=60,detail_not_checked,unknown,candidate
QP-GD-0072,197-012-00891,炳极寄母亲收侨批（内信）,19470417,https://da.gd.gov.cn/portal_home/archives?archivesType=41&p=60,detail_not_checked,unknown,candidate
QP-GD-0073,197-012-00892,富海寄裕育嫂收侨批（内信）,19470522,https://da.gd.gov.cn/portal_home/archives?archivesType=41&p=60,detail_not_checked,unknown,candidate
QP-GD-0074,197-012-00893,孙婿木绵、孙女祥莲寄外祖母收寄侨批（内信）,,https://da.gd.gov.cn/portal_home/archives?archivesType=41&p=60,detail_not_checked,unknown,candidate
QP-GD-0075,197-012-00894,儿陈炳极寄母亲收侨批（内信）,19410303,https://da.gd.gov.cn/portal_home/archives?archivesType=41&p=60,detail_not_checked,unknown,candidate
QP-GD-0076,197-012-00895,炳极寄母亲收侨批（内信）,19501127,https://da.gd.gov.cn/portal_home/archives?archivesType=41&p=60,detail_not_checked,unknown,candidate
QP-GD-0077,197-012-00896,炳极寄母亲收侨批（内信）,19481118,https://da.gd.gov.cn/portal_home/archives?archivesType=41&p=60,detail_not_checked,unknown,candidate
QP-GD-0078,197-012-00897,女儿陈炳蚕寄母亲收侨批（内信）,,https://da.gd.gov.cn/portal_home/archives?archivesType=41&p=60,detail_not_checked,unknown,candidate
QP-GD-0079,197-012-00898,儿陈炳极寄母亲收侨批（内信）,19400801,https://da.gd.gov.cn/portal_home/archives?archivesType=41&p=60,detail_not_checked,unknown,candidate
QP-GD-0080,197-012-00900,炳极寄母亲收侨批（内信）,19490201,https://da.gd.gov.cn/portal_home/archives?archivesType=41&p=60,detail_not_checked,unknown,candidate
QP-GD-0081,197-012-00901,炳极寄母亲收侨批（内信）,19500111,https://da.gd.gov.cn/portal_home/archives?archivesType=41&p=60,detail_not_checked,unknown,candidate
